{"cameraMode":{"drawMode":0,"name":"Shaded","section":"Shading Mode"},"sceneLighting":true,"audioPlay":false,"sceneViewState":{"m_AlwaysRefresh":false,"showFog":true,"showSkybox":true,"showFlares":true,"showImageEffects":true,"showParticleSystems":true,"showVisualEffectGraphs":true,"m_FxEnabled":true},"in2DMode":false,"pivot":{"x":-8.202235221862793,"y":-1.4768314361572266,"z":-74.6839599609375},"rotation":{"x":0.0003188883711118251,"y":-0.9993170499801636,"z":0.03689144551753998,"w":0.007788557093590498},"size":49.42731475830078,"orthographic":false}