{"cameraMode":{"drawMode":0,"name":"Shaded","section":"Shading Mode"},"sceneLighting":true,"audioPlay":false,"sceneViewState":{"m_AlwaysRefresh":false,"showFog":true,"showSkybox":true,"showFlares":true,"showImageEffects":true,"showParticleSystems":true,"showVisualEffectGraphs":true,"m_FxEnabled":true},"in2DMode":false,"pivot":{"x":-10.537813186645508,"y":3.4032256603240969,"z":3.843029499053955},"rotation":{"x":0.005840673577040434,"y":0.95793616771698,"z":-0.28628796339035036,"w":0.01954576186835766},"size":7.111947536468506,"orthographic":false}