{"cameraMode":{"drawMode":0,"name":"Shaded","section":"Shading Mode"},"sceneLighting":true,"audioPlay":false,"sceneViewState":{"m_AlwaysRefresh":false,"showFog":true,"showSkybox":true,"showFlares":true,"showImageEffects":true,"showParticleSystems":true,"showVisualEffectGraphs":true,"m_FxEnabled":true},"in2DMode":false,"pivot":{"x":-0.6678051948547363,"y":0.9002206325531006,"z":13.523872375488282},"rotation":{"x":-0.0031146437395364048,"y":0.9597763419151306,"z":-0.2805761992931366,"w":-0.0106529351323843},"size":6.934823513031006,"orthographic":false}