{"cameraMode":{"drawMode":0,"name":"Shaded","section":"Shading Mode"},"sceneLighting":false,"audioPlay":false,"sceneViewState":{"m_AlwaysRefresh":false,"showFog":true,"showSkybox":false,"showFlares":true,"showImageEffects":true,"showParticleSystems":true,"showVisualEffectGraphs":true,"m_FxEnabled":true},"in2DMode":false,"pivot":{"x":-26.854665756225587,"y":1.0539162158966065,"z":-2.9885096549987795},"rotation":{"x":-0.000009955405403161421,"y":0.9999911189079285,"z":0.005101810675114393,"w":-0.004203008487820625},"size":3.2854347229003908,"orthographic":false}